"TIV of arms exports to all, 1950-2017",,,,,,,,,,,,,,,,,,,,,,,,,,,,,,,,,,,,,,,,,,,,,,,,,,,,,,,,,,,,,,,,,,,,,,
Figures are SIPRI Trend Indicator Values (TIVs) expressed in millions.,,,,,,,,,,,,,,,,,,,,,,,,,,,,,,,,,,,,,,,,,,,,,,,,,,,,,,,,,,,,,,,,,,,,,,
Figures may not add up due to the conventions of rounding.,,,,,,,,,,,,,,,,,,,,,,,,,,,,,,,,,,,,,,,,,,,,,,,,,,,,,,,,,,,,,,,,,,,,,,
A '0' indicates that the value of deliveries is less than 0.5m,,,,,,,,,,,,,,,,,,,,,,,,,,,,,,,,,,,,,,,,,,,,,,,,,,,,,,,,,,,,,,,,,,,,,,
"For more information, see http://www.sipri.org/databases/armstransfers/sources-and-methods/",,,,,,,,,,,,,,,,,,,,,,,,,,,,,,,,,,,,,,,,,,,,,,,,,,,,,,,,,,,,,,,,,,,,,,
,,,,,,,,,,,,,,,,,,,,,,,,,,,,,,,,,,,,,,,,,,,,,,,,,,,,,,,,,,,,,,,,,,,,,,
,,,,,,,,,,,,,,,,,,,,,,,,,,,,,,,,,,,,,,,,,,,,,,,,,,,,,,,,,,,,,,,,,,,,,,
Source: SIPRI Arms Transfers Database,,,,,,,,,,,,,,,,,,,,,,,,,,,,,,,,,,,,,,,,,,,,,,,,,,,,,,,,,,,,,,,,,,,,,,
Generated: 05 December 2018,,,,,,,,,,,,,,,,,,,,,,,,,,,,,,,,,,,,,,,,,,,,,,,,,,,,,,,,,,,,,,,,,,,,,,
,,,,,,,,,,,,,,,,,,,,,,,,,,,,,,,,,,,,,,,,,,,,,,,,,,,,,,,,,,,,,,,,,,,,,,
,1950,1951,1952,1953,1954,1955,1956,1957,1958,1959,1960,1961,1962,1963,1964,1965,1966,1967,1968,1969,1970,1971,1972,1973,1974,1975,1976,1977,1978,1979,1980,1981,1982,1983,1984,1985,1986,1987,1988,1989,1990,1991,1992,1993,1994,1995,1996,1997,1998,1999,2000,2001,2002,2003,2004,2005,2006,2007,2008,2009,2010,2011,2012,2013,2014,2015,2016,2017,Total
Afghanistan,,,,,,4,3,92,254,405,40,56,64,40,56,91,198,230,145,92,9,149,124,,,90,230,75,283,363,355,385,298,239,380,165,299,575,1065,2176,1900,1438,,,,,,,,,,,34,,,35,3,41,150,344,377,660,521,235,288,116,176,250,15596
African Union**,,,,,,,,,,,,,,,,,,,,,,,,,,,,,,,,,,,,,,,,,,,,,,,,,,,,,,,,53,9,,10,,,,,2,,2,,,76
Albania,14,10,11,12,14,132,152,42,47,129,62,74,46,11,7,177,74,161,265,297,250,330,134,104,134,53,5,7,5,,,,,,,,,,,,,,,,,26,,,,,,,,2,,7,,5,,,,,15,7,7,7,,0,2832
Algeria,,,,,,,,,,,,7,61,85,154,323,452,524,57,79,14,14,180,110,13,56,132,1077,1512,1898,1358,1280,1231,575,533,242,135,370,320,455,735,1035,20,20,182,295,83,37,98,370,408,542,249,195,242,159,340,509,1529,1075,834,1126,807,302,438,883,2887,905,29555
Amal (Lebanon)*,,,,,,,,,,,,,,,,,,,,,,,,,,,,,,,,,,,,29,31,,,,,,,,,,,,,,,,,,,,,,,,,,,,,,,,60
ANC (South Africa)*,,,,,,,,,,,,,,,,,,,,,,,,,,,,,,,,,,,,,,,0,,,,,,,,,,,,,,,,,,,,,,,,,,,,,,0
Angola,,,,,,,,,,,,,,,,,,,,,,,,,1,242,184,105,146,111,155,241,379,538,430,493,705,1186,965,152,140,,,122,111,1,44,7,149,358,147,156,148,48,8,39,7,31,29,20,,,,31,2,47,124,204,8002
Anti-Castro rebels (Cuba)*,,,,,,,,,,,,2,,,,,,,,,,,,,,,,,,,,,,,,,,,,,,,,,,,,,,,,,,,,,,,,,,,,,,,,,2
Argentina,75,445,38,4,5,0,39,14,70,161,111,205,48,19,19,7,93,146,430,223,248,369,396,236,450,147,494,176,559,451,445,867,421,1322,685,450,229,224,71,14,169,,27,14,209,43,28,105,172,267,213,6,15,11,169,3,9,24,23,11,11,15,3,12,7,21,17,49,12057
Armas (Guatemala)*,,,,,8,,,,,,,,,,,,,,,,,,,,,,,,,,,,,,,,,,,,,,,,,,,,,,,,,,,,,,,,,,,,,,,,8
Armenia,,,,,,,,,,,,,,,,,,,,,,,,,,,,,,,,,,,,,,,,,,,,2,181,47,70,,,2,,,,,118,,,1,,46,52,5,,16,,,110,14,663
Australia,468,371,410,153,125,637,451,445,534,412,113,40,571,383,528,900,694,764,450,828,240,319,60,701,884,96,81,268,1019,191,404,449,131,633,626,515,819,592,720,693,352,213,365,449,262,64,597,35,542,673,338,1236,663,801,472,459,727,677,445,775,1509,1567,876,244,927,1529,1053,1806,38369
Austria,,,,2,,11,98,146,11,24,16,27,56,201,73,78,61,47,1,12,102,135,103,22,22,6,12,,8,72,195,73,97,145,13,28,19,7,117,84,5,6,5,9,40,24,10,182,228,48,25,15,69,42,56,24,4,269,190,286,7,8,8,6,2,1,13,8,3713
Azerbaijan,,,,,,,,,,,,,,,,,,,,,,,,,,,,,,,,,,,,,,,,,,,,50,25,,,,,,3,,89,,4,53,159,213,33,145,155,557,339,404,612,340,272,279,3732
Bahamas,,,,,,,,,,,,,,,,,,,,,,,,,,,,,11,,,,,,,,33,,,,2,3,,,,,,,,,33,,,,,3,,,,1,,,,,30,16,20,12,163
Bahrain,,,,,,,,,,,,,,,,1,1,,,,,0,7,0,1,,,2,9,8,19,40,59,10,131,55,134,250,137,71,362,68,42,1,8,71,54,198,9,,299,28,54,1,10,66,63,26,20,,103,1,26,72,1,17,16,32,2582
Bangladesh,,,,,,,,,,,,,,,,,,,,,,9,2,78,44,39,70,62,45,1,55,62,127,112,59,63,3,,241,301,187,79,113,44,61,119,7,26,1,186,203,266,44,8,32,10,221,88,13,,36,117,184,637,206,637,439,320,5655
Barbados,,,,,,,,,,,,,,,,,,,,,,,,,,,,,,,,9,,,1,,,,,,,,,,,,,,,,,,,,,,,10,10,10,,,,,,,,,40
Belarus,,,,,,,,,,,,,,,,,,,,,,,,,,,,,,,,,,,,,,,,,,,,,,,,,41,41,,,,,,6,140,,,3,,75,75,75,60,96,115,145,873
Belgium,198,485,920,704,411,361,682,681,888,176,92,132,188,569,644,507,101,35,216,232,528,509,512,599,111,128,177,180,427,786,574,522,438,583,575,294,98,106,422,218,321,134,49,77,50,17,3,53,55,58,35,29,56,21,15,3,27,174,203,90,32,21,32,46,103,56,4,3,17775
Belize,,,,,,,,,,,,,,,,,,,,,,,,,,,,,,,,,,,0,,,,,,,,,,,,0,,,,1,,,,,,,,,,,,,,,,,,1
Benin,,,,,,,,,,,,2,1,,2,,1,,,,0,2,,1,,,,,26,7,,,10,3,1,3,,1,0,0,,,,,,,,,,,,,7,,,,,3,,1,0,0,20,2,,,,,93
Bhutan,,,,,,,,,,,,,,,,,,,1,,,,,,,,,,,,,,,,,,,,,,,,,,,,,,,,,,,,0,,,,,,,,,,,1,1,,3
Biafra,,,,,,,,,,,,,,,,,,8,,1,,,,,,,,,,,,,,,,,,,,,,,,,,,,,,,,,,,,,,,,,,,,,,,,,9
Bolivia,,6,,,2,,,,26,3,6,4,2,4,2,1,1,14,16,1,2,2,13,10,20,33,16,1,11,49,39,26,6,,,18,13,,56,66,,11,25,16,9,2,,,,9,19,,,5,1,1,9,2,3,5,1,25,12,1,46,,27,7,705
Bosnia-Herzegovina,,,,,,,,,,,,,,,,,,,,,,,,,,,,,,,,,,,,,,,,,,,,6,6,,58,70,2,25,,,,,,,,,,,,,,,,,,,167
Botswana,,,,,,,,,,,,,,,,,,,,,,,,,,,,1,1,7,2,9,,,,4,,26,40,4,22,2,2,11,,11,32,71,2,,53,15,1,9,8,,,,,13,10,,6,8,,,5,3,380
Brazil,,615,,133,113,379,55,152,140,129,237,212,62,128,25,150,57,218,236,110,219,181,514,602,256,539,582,554,895,407,367,64,75,92,125,89,140,234,129,745,150,168,90,58,313,248,545,473,239,365,121,631,223,110,86,224,179,189,180,156,317,312,311,223,218,222,116,103,16529
Brunei,,,,,,,,,,,,,,,,5,1,18,1,,5,18,2,1,15,1,0,,46,65,,8,12,85,60,,13,,,,3,3,,,,,17,31,7,5,,4,1,0,0,1,2,,,33,33,229,22,15,122,36,,,921
Bulgaria,156,63,93,345,617,307,319,456,631,165,474,523,494,538,326,372,218,329,250,532,765,395,465,290,305,394,375,492,885,322,574,961,575,728,910,598,918,435,243,334,759,340,41,1,1,1,122,,,7,,,,2,12,132,22,48,116,119,8,29,5,,,3,,,19940
Burkina Faso,,,,,,,,,,,,1,,,1,0,0,,0,1,1,1,,,,8,8,9,,,0,9,1,16,9,2,2,,12,,,2,,7,,,,,,0,,,,,,12,1,4,,2,0,15,4,,5,,7,2,142
Burundi,,,,,,,,,,,,,,,,,5,2,,3,,,,0,,,,,,,1,5,3,9,2,,,,,6,6,,,,,,,,,,,1,3,,,,,,,1,2,,5,,,1,2,,58
Cambodia,,,,,4,16,34,10,4,2,1,2,5,11,39,39,37,20,15,18,6,21,105,123,23,,,,43,,34,,,13,67,68,134,50,10,119,45,,,2,73,1,28,21,,,,,,,,,14,56,,4,34,,77,67,,,,,1497
Cameroon,,,,,,,,,,,,0,,2,0,2,2,3,3,,,8,1,12,,,29,73,,1,,28,114,5,126,17,11,5,1,3,8,,3,,,,4,6,9,4,,7,6,,,5,2,,1,,10,,9,139,122,7,20,8,815
Canada,605,1000,1060,1624,1208,1006,718,749,244,368,171,1576,1231,1012,728,527,273,243,324,504,611,455,382,80,196,223,28,28,172,235,441,452,274,647,646,848,810,787,742,67,160,751,410,201,482,411,431,362,129,196,569,538,436,152,352,124,104,455,407,101,228,344,205,202,325,421,228,295,32311
Cape Verde,,,,,,,,,,,,,,,,,,,,,,,,,,,2,,,18,,,26,,,,,,,,,,3,,,,,,9,,1,,,,,,,,,2,,,10,,,,,,69
Central African Republic,,,,,,,,,,,,2,,,,1,2,,3,,,2,,0,,,,,0,,0,1,2,5,1,6,,,1,,,,1,,,,,,,,,,,,,,9,,0,,,7,,,,,,,45
Chad,,,,,,,,,,,1,1,,,,0,,,,,,4,,3,9,10,8,3,,,10,,,33,9,1,22,21,9,57,,,,,3,1,,,7,7,,16,,,,,17,20,75,35,38,1,4,59,58,1,,2,545
Chile,1,247,19,10,40,5,90,28,32,20,312,45,19,127,34,57,80,140,62,17,62,198,51,278,299,195,413,25,117,103,145,148,344,137,450,10,174,156,87,141,130,111,173,88,82,342,178,296,87,207,202,60,74,187,70,449,1095,662,397,335,475,326,62,54,141,144,40,50,11433
China,2703,2310,3822,3537,3503,1600,2255,2126,2778,3159,2431,936,307,450,395,218,233,145,182,2,2,2,2,3,3,3,3,75,86,12,7,2,15,27,73,115,17,53,71,110,214,392,1169,1187,274,680,1494,900,382,1785,2552,2850,2891,2373,3315,3607,2885,1677,1877,1392,1045,1113,1686,1388,1148,1142,991,1117,77296
Colombia,3,8,15,12,31,13,35,15,298,10,5,62,3,20,9,18,32,15,32,121,4,35,129,165,1,287,10,8,12,36,15,28,18,301,661,7,6,4,37,220,13,72,36,68,42,35,49,195,157,44,60,276,171,147,18,16,52,227,110,248,255,145,207,164,159,205,21,102,6033
Comoros,,,,,,,,,,,,,,,,,,,,,,,,,,,1,1,,,,,,,,,,1,,,,,,,,,,,,,,,,,,,,,6,,,,1,,,,,,9
Congo,,,,,,,,,,,1,0,,0,,0,,,1,24,9,25,2,,7,2,2,,35,25,17,3,11,25,25,3,,,28,44,44,,,,,,,27,0,1,0,,,,,4,1,0,,1,27,,23,12,13,2,,,445
Contras (Nicaragua)*,,,,,,,,,,,,,,,,,,,,,,,,,,,,,,,,,,7,1,,5,14,,,,,,,,,,,,,,,,,,,,,,,,,,,,,,,28
Costa Rica,,,,,,3,0,,,,,,,1,,,0,,,,,,,2,,3,,,6,2,1,,,,0,2,1,,,2,,,,3,,,,,,,,,,,,,,,,,,,1,,1,,,,27
Cote d'Ivoire,,,,,,,,,,,,3,1,1,,,2,3,19,2,7,17,1,,18,,,22,16,38,55,18,,,9,,,,,2,,,0,,,2,,0,,2,0,,32,61,9,,,,,,,,,,6,6,6,4,361
Croatia,,,,,,,,,,,,,,,,,,,,,,,,,,,,,,,,,,,,,,,,,,1,27,27,53,1,15,31,,,,57,2,24,8,,,19,99,4,10,17,17,,63,11,22,11,517
Cuba,,9,0,0,3,13,35,8,23,10,129,529,1288,298,246,130,232,162,155,155,155,162,462,430,418,200,317,615,509,416,353,976,981,775,423,352,281,73,167,94,169,159,,,,,,,,,,,,,,,,,,,,,,,,,,,11908
Cyprus,,,,,,,,,,,,,,,22,23,,,,,,,,9,,,,,,,,,5,19,23,32,38,33,122,29,70,82,26,10,39,33,170,98,7,113,4,115,1,6,16,20,26,17,,,44,41,6,,,,,30,1327
Czechoslovakia,96,419,803,975,1272,1287,469,153,562,840,534,667,547,585,579,698,690,754,868,851,748,1123,978,1080,1110,852,215,301,561,498,468,837,912,819,920,1158,807,662,754,1034,132,57,,,,,,,,,,,,,,,,,,,,,,,,,,,29674
Czech Republic,,,,,,,,,,,,,,,,,,,,,,,,,,,,,,,,,,,,,,,,,,,,,,1,25,6,0,1,14,65,48,97,7,594,45,10,23,6,13,71,22,15,,0,,,1063
Denmark,96,72,361,648,165,172,159,157,97,250,109,335,57,133,482,449,66,72,71,19,312,362,111,,39,149,360,372,367,57,569,567,559,231,72,92,16,99,99,185,124,151,61,56,85,133,71,77,116,68,50,153,51,54,228,120,83,146,96,130,17,,109,42,177,46,115,54,11199
Djibouti,,,,,,,,,,,,,,,,,,,,,,,,,,,,3,6,33,5,2,3,3,,1,8,1,,,,1,19,5,,3,,,,,1,,3,,4,7,,,,,,,6,5,14,1,19,,153
Dominican Republic,2,12,43,21,2,6,7,1,17,4,19,11,0,7,5,10,9,1,1,0,1,2,7,0,,2,12,,,,9,5,31,,25,2,0,,3,,,,,,,,4,,6,1,13,5,0,8,35,2,,,,10,51,12,,,,1,0,,428
DR Congo,,,,,,,,,,,2,9,13,32,83,31,26,16,7,28,19,155,15,5,11,391,132,31,38,15,10,12,15,5,16,1,1,36,1,,4,,2,,,0,61,6,10,46,88,15,12,,,19,17,,18,41,151,,10,1,,1,43,,1703
East Germany (GDR),29,,178,92,10,,678,1122,1064,490,306,227,791,789,1054,922,1331,1181,1256,833,849,575,999,1052,998,580,1301,1083,1084,916,919,782,1073,926,1106,1363,654,362,599,695,404,,,,,,,,,,,,,,,,,,,,,,,,,,,,30672
Ecuador,,,,11,14,124,6,,13,,66,,,3,3,29,9,21,5,1,5,81,35,15,25,42,226,573,191,109,257,123,266,417,369,23,25,40,26,20,3,139,4,18,9,36,30,95,27,17,,10,1,,15,48,17,2,102,77,90,68,88,11,53,27,26,20,4205
Egypt,163,57,0,1,142,698,1065,479,488,334,143,548,690,741,847,954,1533,2297,1362,1326,1802,2050,3334,2593,1099,571,164,414,134,630,1004,1182,2492,1704,1500,968,1480,1643,419,295,562,890,978,1255,2020,1716,993,1050,469,514,837,847,719,630,654,780,705,690,333,159,686,630,281,675,380,1452,1711,2355,64321
ELF (Ethiopia)*,,,,,,,,,,,,,,,,,,,,,,,,,2,2,,,,,,,,,,,,,,,,,,,,,,,,,,,,,,,,,,,,,,,,,,,4
El Salvador,1,,,,1,,,17,,,,,,0,,1,1,0,20,8,9,1,,1,31,48,15,8,1,8,12,5,35,12,62,44,5,,,,,21,4,2,,4,4,,2,,,,19,10,,,,,4,,,,2,,20,,1,,437
EPLF (Ethiopia)*,,,,,,,,,,,,,,,,,,,,,,,,,,,,,,,0,1,1,0,,,,,,,,,,,,,,,,,,,,,,,,,,,,,,,,,,,2
Equatorial Guinea,,,,,,,,,,,,,,,,,,,,,,,,,,,,,4,,1,,5,,,,,,,,,,,,,,,,,3,,7,,,7,12,,28,30,68,3,57,65,2,92,,14,,396
Eritrea,,,,,,,,,,,,,,,,,,,,,,,,,,,,,,,,,,,,,,,,,,,,21,20,7,41,53,214,31,20,57,18,17,80,98,,4,,,,,,,,,,,680
Estonia,,,,,,,,,,,,,,,,,,,,,,,,,,,,,,,,,,,,,,,,,,,2,3,15,17,1,12,4,1,27,,1,13,8,20,7,19,29,43,13,1,2,18,2,18,31,30,334
Ethiopia,2,19,,6,8,1,1,16,23,6,24,4,21,27,4,14,99,30,33,24,89,54,33,5,16,58,135,1096,982,113,367,365,558,407,360,334,435,326,230,47,3,80,,,,,,69,211,155,140,,20,174,239,,,,,,54,76,193,153,33,10,5,1,7988
FAN (Chad)*,,,,,,,,,,,,,,,,,,,,,,,,,,,,,0,,,,,,,,,,,,,,,,,,,,,,,,,,,,,,,,,,,,,,,,0
Fiji,,,,,,,,,,,,,,,,,,,,,,,,,,8,4,,,,,,,,,,,,,,1,,3,,6,12,,,,,,,,,,,,,,,,,,,,,,,34
Finland,,,19,,,11,15,3,25,41,54,65,38,237,77,81,42,76,23,21,15,5,26,13,174,127,90,30,105,47,328,119,132,112,126,203,97,69,142,85,90,65,435,407,246,197,553,398,552,770,474,9,12,227,77,107,136,108,135,42,50,58,76,320,196,293,201,100,9203
FMLN (El Salvador)*,,,,,,,,,,,,,,,,,,,,,,,,,,,,,,,,,,,,,,,,1,2,,,,,,,,,,,,,,,,,,,,,,,,,,,,3
FNLA (Angola)*,,,,,,,,,,,,,,,,,,,,,,,,,,23,,,,,,,,,,,,,,,,,,,,,,,,,,,,,,,,,,,,,,,,,,,23
France,218,988,1144,1699,1409,1342,1240,701,1086,852,507,356,153,63,1185,255,76,93,113,101,124,141,93,116,52,45,233,250,278,64,70,101,137,103,68,15,96,84,137,107,60,944,420,91,75,97,64,223,174,110,107,66,43,57,93,2,67,74,5,76,103,33,91,107,17,42,45,65,19244
FRELIMO (Portugal)*,,,,,,,,,,,,,,,,,,,,,,,,1,,,,,,,,,,,,,,,,,,,,,,,,,,,,,,,,,,,,,,,,,,,,,1
Gabon,,,,,,,,,,,,3,,,3,0,2,,2,4,1,24,,2,10,35,48,28,80,,26,37,5,11,102,2,7,10,28,10,29,,,,,,,,,,,,,,6,,20,18,,,22,5,1,2,,5,6,,593
Gambia,,,,,,,,,,,,,,,,,,,,0,,,,,,,,,,,,3,,,,,,,,12,,,,,,,,,,,,,,,5,,,,,16,,,,,,,,,36
Georgia,,,,,,,,,,,,,,,,,,,,,,,,,,,,,,,,,,,,,,,,,,,,4,,,,4,28,23,6,85,,1,37,92,97,161,97,36,,2,,5,1,,,7,686
Germany (FRG),,,,,,85,1296,2107,2929,1515,2018,1973,2466,3219,3710,3323,3211,1324,1198,1256,1475,2340,805,1709,2109,1813,1395,1049,709,77,237,352,526,468,374,111,311,321,430,708,716,694,685,535,423,228,246,61,543,129,113,133,71,64,239,204,416,82,293,339,283,99,142,113,108,95,61,65,56127
Ghana,,,,,,,,,,1,12,105,20,6,40,40,24,1,,,,,12,8,19,28,39,,18,7,38,50,,,,5,,13,,2,4,1,,,11,,7,5,,7,1,12,1,6,35,0,0,16,,11,2,76,39,63,14,13,14,,828
Greece,97,500,307,86,152,203,92,354,475,314,264,82,330,98,631,486,210,370,104,303,302,585,707,246,418,912,1298,991,1280,739,665,948,462,404,364,189,202,36,528,1216,903,484,2130,864,1182,874,382,812,1725,847,708,787,400,2178,1116,411,721,1713,499,1237,641,81,29,47,204,771,324,56,40073
Grenada,,,,,,,,,,,,,,,,,,,,,,,,,,,,,,,,,1,,,,,,,,,,,,,,,,,,,,,,,,,,,,,,,,,,,,1
Guatemala,,6,,,2,9,6,,,5,16,,1,7,8,5,,1,16,1,,46,1,1,15,52,18,1,1,5,8,47,16,2,7,25,2,0,0,4,0,0,,13,4,4,2,,1,,,,,,,,,,0,,,,2,,,33,,,391
Guinea,,,,,,,,,,18,33,0,,0,0,17,,6,,0,1,4,4,18,24,2,18,8,45,69,,1,1,1,,,40,,,60,1,1,,,,,,,4,,18,6,,2,,1,,0,,,4,1,4,,5,,,,418
Guinea-Bissau,,,,,,,,,,,,,,,,,,,,,,,,,21,10,12,,14,24,2,1,,,11,,35,,20,,20,6,,5,,,,,,,,,,,,,,,,,,,,,,,,,181
GUNT (Chad)*,,,,,,,,,,,,,,,,,,,,,,,,,,,,,,,,,,,,4,4,,,,,,,,,,,,,,,,,,,,,,,,,,,,,,,,8
Guyana,,,,,,,,,,,,,,,,,,,0,,,2,,,2,0,15,5,1,5,4,14,,3,7,23,,,,,,,,,,,,,,,,7,3,,,,,,0,,,,,,,,,,91
Haiti,4,,3,,,0,6,,,,5,,,,2,,,,,8,,,,3,4,1,1,0,9,,,4,4,3,,10,,,,,,,,,,,,,,,,,,,,,,,,,,,,,,,,,65
Haiti rebels*,,,,,,,,,,,,,,,,,,,,7,,,,,,,,,,,,,,,,,,,,,,,,,,,,,,,,,,,,,,,,,,,,,,,,,7
Hamas (Palestine)*,,,,,,,,,,,,,,,,,,,,,,,,,,,,,,,,,,,,,,,,,,,,,,,,,,,,,,,,,,,,,1,2,,,0,,,,3
Hezbollah (Lebanon)*,,,,,,,,,,,,,,,,,,,,,,,,,,,,,,,0,0,0,0,1,1,1,1,1,1,0,1,1,1,0,1,2,0,0,0,0,0,3,0,1,0,9,,,20,20,,,,,,,,66
Honduras,,1,2,,1,,9,1,20,1,,,14,,,1,6,,,19,,,,2,,31,32,25,29,9,13,27,30,33,25,35,75,13,44,17,,,,,,,,,,,,,,,,,,,0,,,0,0,20,13,8,1,10,566
Hungary,56,53,13,802,700,223,1,59,259,331,599,575,290,379,747,667,150,290,271,447,22,247,121,402,567,498,378,394,589,485,387,144,142,117,251,229,79,80,35,59,14,22,,925,2,1,156,99,46,72,14,14,,,72,13,253,196,5,4,18,9,,2,7,,14,7,14096
Huthi rebels (Yemen)*,,,,,,,,,,,,,,,,,,,,,,,,,,,,,,,,,,,,,,,,,,,,,,,,,,,,,,,,,,,,,,,,,,,,10,10
Iceland,,,,,,,,,,,20,,,,,,,,27,,,,,,,27,,,,,,,,,,,,,,,,,,,,,,,,,,,,,,,,,,,,50,,,,,,,123
India,140,278,104,430,265,350,366,978,953,855,544,1122,371,647,920,1049,994,1264,1655,1518,872,1864,1801,1324,1289,1102,1928,2385,1197,1193,1784,2141,2287,2661,2769,2980,4130,3835,3758,3577,2715,1878,1200,735,883,1479,862,1665,758,1216,995,1200,2031,2758,2225,1204,1488,2267,1845,1863,2909,3596,4395,5322,3227,2845,3296,3358,119893
Indonesia,212,58,14,6,16,25,42,26,621,679,436,895,1068,180,518,338,16,1,1,9,28,92,5,73,73,4,156,60,126,377,910,797,360,228,100,289,432,264,294,248,202,11,52,215,472,285,380,108,90,165,151,27,68,356,79,36,65,587,244,441,225,250,213,797,1187,445,389,1196,18809
Indonesia rebels*,,,,,,,,,6,,,,,,,,,,,,,,,,,,,,,,,,,,,,,,,,,,,,,,,,,,,,,,,,,,,,,,,,,,,,6
Iran,4,6,0,1,75,111,121,53,129,107,11,107,110,137,141,182,442,381,894,1236,1192,1731,1413,2053,2845,5171,4466,5560,3743,535,278,487,541,509,469,648,803,833,478,192,454,1022,432,987,452,296,615,178,381,323,418,524,435,282,121,57,423,331,62,62,103,100,46,31,13,13,398,4,46757
Iraq,,,59,53,19,61,105,38,186,170,168,118,278,201,321,248,341,345,368,405,154,187,624,1861,1440,1103,1135,1084,1817,1359,2239,2587,3223,3298,4541,4107,3372,3453,1888,1492,779,,,,,,,,,,,,,,71,186,312,275,378,398,434,574,476,353,633,1403,1827,712,53256
Ireland,2,,,4,,,8,,,1,1,,,2,1,,,,,,7,9,22,3,1,4,3,5,28,31,48,15,,,11,,38,,24,,,11,,,43,,,,3,35,0,45,22,,19,5,13,19,22,0,5,2,1,,40,43,43,3,641
Israel,53,92,74,112,49,117,641,133,143,223,163,84,261,396,417,437,319,282,961,1371,1126,1345,893,1973,1186,1654,1953,1274,1347,710,1273,1658,869,491,288,310,1185,1080,582,24,81,1219,1313,716,757,364,117,67,1291,1191,368,131,349,189,852,1133,1122,832,676,153,67,85,120,153,510,675,610,528,43214
Italy,158,233,463,784,308,587,1151,941,417,421,390,426,666,997,1115,722,395,106,192,481,555,1090,1748,1001,1111,1016,711,518,692,605,479,133,251,307,273,206,199,183,179,196,158,206,188,208,201,334,286,519,56,25,241,221,239,564,451,162,433,525,224,113,115,298,219,92,144,252,762,794,30438
Jamaica,,,,,,,,,,,,,1,1,0,,,3,,,,1,,13,8,4,1,3,4,,,0,,,,5,3,,,4,,,,,,,,,10,10,,,,,,10,10,13,2,,1,,,1,,2,22,,129
Japan,,,8,223,316,411,758,1059,1239,668,859,338,223,204,1809,1209,324,619,559,531,658,781,677,640,1007,1685,1674,975,1094,997,1067,1347,1462,1707,2063,1982,1904,1949,2007,2297,2703,2953,2520,2139,1026,1242,858,825,1475,1268,493,442,446,483,403,398,479,517,681,611,392,304,242,296,313,349,347,500,64035
Jordan,0,,0,0,27,34,62,,44,4,30,15,55,39,33,55,92,126,48,238,130,68,66,87,184,369,334,461,590,276,383,404,1064,789,480,293,250,143,247,59,16,24,,1,5,19,75,77,248,64,133,160,132,281,168,49,48,176,161,234,89,215,176,75,196,236,212,386,11233
Katanga,,,,,,,,,,,2,8,,,,,,,,,,,,,,,,,,,,,,,,,,,,,,,,,,,,,,,,,,,,,,,,,,,,,,,,,10
Kazakhstan,,,,,,,,,,,,,,,,,,,,,,,,,,,,,,,,,,,,,,,,,,,,,,99,2,64,,72,121,139,20,,47,42,44,82,25,39,58,62,94,141,95,444,244,209,2143
Kenya,,,,,,,,,,,,,,,6,15,19,2,2,3,0,20,9,2,28,25,17,58,211,56,119,144,91,20,12,6,26,178,,23,42,14,,,30,,,61,,,15,,,,,,,10,,34,116,14,62,1,17,30,28,13,1577
Khmer Rouge (Cambodia)*,,,,,,,,,,,,,,,,,,,,,,2,6,2,2,2,,,,,,,,,,,,,2,,9,,,,,,,,,,,,,,,,,,,,,,,,,,,,25
Kiribati,,,,,,,,,,,,,,,,,,,,,,,,,,,,,,,,,,,,,,,,,,,,,6,,,,,,,,,,,,,,,,,,,,,,,,6
Kosovo,,,,,,,,,,,,,,,,,,,,,,,,,,,,,,,,,,,,,,,,,,,,,,,,,,,,,,,,,,,,,,,,,1,,,,1
Kuwait,,,,0,5,1,,,2,,44,,10,34,46,25,8,,104,97,54,111,30,,5,76,230,490,487,198,35,13,175,291,494,621,170,50,6,132,325,516,896,694,35,632,1189,482,51,212,245,67,23,45,2,12,5,279,5,9,85,113,31,73,692,359,197,113,11430
Kyrgyzstan,,,,,,,,,,,,,,,,,,,,,,,,,,,,,,,,,,,,,,,,,,,,,,,,,,,,,,9,5,3,2,,,,,,,,,4,9,13,45
Laos,,,,,1,2,1,1,10,2,3,4,19,15,7,7,14,14,4,6,32,17,14,43,1,26,21,134,26,,35,54,2,90,26,62,,18,18,,8,,,,,,,44,21,30,7,36,,0,,4,,,7,26,,14,19,19,,7,,1,968
Latvia,,,,,,,,,,,,,,,,,,,,,,,,,,,,,,,,,,,,,,,,,,,0,8,12,14,0,0,0,4,3,13,3,25,12,4,9,51,44,11,15,27,9,5,5,1,24,39,339
Lebanon,5,,2,5,6,8,,39,65,11,,3,13,18,,34,67,75,1,,,7,49,41,28,11,3,8,2,19,37,9,36,93,192,71,,,,,,,40,40,18,42,27,9,7,4,4,,,,,1,,5,1,52,64,1,31,24,6,46,28,84,1491
Lebanon Palestinian rebels*,,,,,,,,,,,,,,,,,,,,,,,,,,,,,,,,5,5,,,,,,15,,,,,,,,,,,,,,,,,,,,,,,,,,,,,,25
Lesotho,,,,,,,,,,,,,,,,,,,,,,,,,,,,1,,5,3,,,1,,0,10,,,8,,4,,,,,,,5,,,6,,,1,,1,,,,,,,,,,,1,46
LF (Lebanon)*,,,,,,,,,,,,,,,,,,,,,,,,,,,,,,,,,,,9,,,12,52,20,,0,0,,,,,,,,,,,,,,,,,,,,,,,,,,94
Liberia,,,,,,,,,,1,,,,,2,,,18,,,,0,1,,,,2,,1,,,,,,,,4,7,,12,3,,,,,,,,,1,8,,,,,,,,,,,,,,,,,,61
Libya,,,,,,,,3,,1,14,17,2,3,15,9,26,12,57,155,371,555,555,750,1763,1629,1816,3062,4224,3315,2969,3123,2717,1405,748,753,410,184,9,218,10,,,,,,,,,9,,,,,,1,16,16,16,22,37,8,73,109,,,,,31201
Libya GNC,,,,,,,,,,,,,,,,,,,,,,,,,,,,,,,,,,,,,,,,,,,,,,,,,,,,,,,,,,,,,,,,,,,2,,2
Libya HoR,,,,,,,,,,,,,,,,,,,,,,,,,,,,,,,,,,,,,,,,,,,,,,,,,,,,,,,,,,,,,,,,,17,38,13,6,73
Lithuania,,,,,,,,,,,,,,,,,,,,,,,,,,,,,,,,,,,,,,,,,,,70,10,,4,15,,15,5,6,16,12,1,47,9,52,4,27,27,8,1,1,73,3,21,25,29,482
LRA (Uganda)*,,,,,,,,,,,,,,,,,,,,,,,,,,,,,,,,,,,,,,,,,,,,,,,,,,,,,0,,,,,,,,,,,,,,,,0
LTTE (Sri Lanka)*,,,,,,,,,,,,,,,,,,,,,,,,,,,,,,,,,,,,,,,,,,,,,0,0,,,0,0,1,,1,,,0,,,,,,,,,,,,,3
Luxembourg,,,0,0,,,,,,,,,,,,,,,,,,,,,1,,,,,,,,1,,,,,,,,,,,,,,3,,,1,,,,1,,,,,,7,7,,1,,,,1,,22
Macedonia (FYROM),,,,,,,,,,,,,,,,,,,,,,,,,,,,,,,,,,,,,,,,,,,,,27,1,,,12,81,14,112,,,,,0,,,,,,,1,,,,,248
Madagascar,,,,,,,,,,,,3,,2,0,7,,12,1,1,,0,0,,18,6,,,,64,43,0,,8,,6,,,,,,,,,,,22,,,,,,,,,,,,,0,,,,0,,,,,193
Malawi,,,,,,,,,,,,,,,5,,,,,,,,0,,,,2,6,7,8,14,14,,,1,6,10,1,2,3,10,,,,2,,,,,,,,,,,,,,3,,,,1,2,2,2,1,,102
Malaysia,,,,,,,,,13,18,5,2,31,75,97,10,58,127,90,78,25,195,113,206,50,85,394,146,72,314,129,100,84,327,604,404,128,17,14,38,,34,13,13,308,848,33,555,39,720,26,26,154,147,65,59,408,526,508,1512,421,5,47,71,71,104,266,187,11215
Maldives,,,,,,,,,,,,,,,,,,,,,,,,,,,,,,,,,,,,,,,,,,,0,,,,,0,8,,,,,,,,15,,,,5,,,5,,,5,,37
Mali,,,,,,,,,,,,3,10,4,,,1,10,,2,,15,,,,9,71,,,,,91,4,15,13,0,,,1,,1,,,,0,,,9,4,,7,,1,,,13,,8,3,10,,0,9,6,,,21,31,373
Malta,,,,,,,,,,,,,,,,,,,,,,,0,0,,,,,8,,1,,,,,,,,,,,,13,,,0,1,6,0,,0,0,,,,18,,,,,,8,8,,12,,6,8,88
Marshall Islands,,,,,,,,,,,,,,,,,,,,,,,,,,,,,,,,,,,,,,,2,,,6,,,,,,,,,,,,,,,,,,,,,,,,,,,8
Mauritania,,,,,,,,,,,2,1,1,6,1,1,,,,,11,13,,1,5,5,10,24,17,24,,19,16,,0,3,,,,8,16,18,,,16,3,3,8,4,,31,,27,7,,,,,,,9,5,11,10,7,1,35,,376
Mauritius,,,,,,,,,,,,,,,,,,,0,,,0,,,2,,,,,3,,,,,,1,,,,,6,,,8,,,29,1,,,,,,,6,,,,,,,,,,28,,26,19,128
Mexico,,7,,6,,,,,16,2,6,44,107,60,38,11,21,14,0,,82,48,15,160,63,104,72,39,68,61,75,115,342,116,,8,143,154,97,63,34,40,20,160,128,50,87,485,23,141,227,152,97,31,320,33,75,,22,59,112,229,259,63,98,334,328,218,5982
Micronesia,,,,,,,,,,,,,,,,,,,,,,,,,,,,,,,,,,,,,,,,2,14,,,,,,,6,,,,,,,,,,,,,,,,,,,,,23
MNLF (Philippines)*,,,,,,,,,,,,,,,,,,,,,,,0,,,,,,,,,,,,,,,,,,,,,,,,,,,,,,,,,,,,,,,,,,,,,,0
Moldova,,,,,,,,,,,,,,,,,,,,,,,,,,,,,,,,,,,,,,,,,,,8,,3,9,,,,,,,,,,,,,,,,,,,,,,,19
Mongolia,,,21,,3,10,9,12,12,,10,83,112,103,124,137,116,63,15,14,15,13,8,58,76,190,26,24,42,29,60,72,152,114,110,98,27,36,27,,,,,,,,,,,,,,,,,,,,14,,27,3,79,,,74,,,2213
Montenegro,,,,,,,,,,,,,,,,,,,,,,,,,,,,,,,,,,,,,,,,,,,,,,,,,,,,,,,,,,,,,,,,,,1,0,,1
Morocco,,,,,,,28,12,10,13,20,37,93,14,16,81,151,165,105,38,77,1,,21,198,206,216,408,419,723,453,777,512,381,59,38,31,32,111,126,137,62,17,100,117,30,94,225,,60,125,11,156,12,14,101,47,27,46,39,306,1403,896,76,560,46,254,351,10883
Mozambique,,,,,,,,,,,,,,,,,,,,,,,,,,29,33,148,492,111,54,60,64,59,94,73,6,,,,,,,,,,,,,2,0,,,1,,,,,,,,0,0,9,12,0,,,1248
MPLA (Portugal)*,,,,,,,,,,,,,,,,,,,,,,,0,1,,,,,,,,,,,,,,,,,,,,,,,,,,,,,,,,,,,,,,,,,,,,,1
MTA (Myanmar)*,,,,,,,,,,,,,,,,,,,,,,,,,,,,,,,,,,,,,,,,,,,,0,0,,,,,,,,,,,,,,,,,,,,,,,,0
Mujahedin (Afghanistan)*,,,,,,,,,,,,,,,,,,,,,,,,,,,,,,,,,1,1,6,7,31,59,21,11,,,,,,,,,,,,,,,,,,,,,,,,,,,,,136
Myanmar,4,0,0,16,39,47,30,53,60,21,5,16,14,27,18,19,3,13,6,22,4,23,4,,,53,10,9,25,19,40,,38,,,,8,,,34,266,232,65,323,97,223,118,231,156,141,16,149,157,95,194,160,175,138,93,52,68,667,398,251,101,245,261,167,5920
Namibia,,,,,,,,,,,,,,,,,,,,,,,,,,,,,,,,,,,,,,,,,,,,,2,4,,5,5,,,21,11,,16,,72,6,66,15,,1,57,9,2,,,1,293
NATO**,,,,,,,,26,26,26,26,22,5,,,,,7,14,14,14,,,,,,,,,,,,1250,1250,1250,802,,,18,36,,,,,,,,,,18,,18,,,,,116,,,420,,,22,,,,12,12,5401
Nepal,,,,,,,,,,,,,,,,2,0,,,,8,8,3,1,2,15,6,,,,,1,,,3,3,,,,1,,,1,,,1,,,,,,11,9,9,34,6,,,1,,,3,,,5,14,,,144
Netherlands,154,454,391,975,794,746,1171,695,467,146,294,306,368,711,910,745,189,731,266,549,690,689,656,21,40,96,266,579,704,780,626,762,1248,1361,1203,901,815,632,383,709,276,324,241,144,211,84,205,126,271,281,123,184,244,125,127,102,320,240,157,296,193,147,375,331,11,64,115,35,29571
New Zealand,41,63,151,20,,38,148,90,58,,119,111,8,5,,10,407,4,56,,168,133,20,19,7,48,7,34,,,,31,62,100,41,9,29,5,59,26,23,42,55,36,16,7,7,309,15,304,,45,17,107,49,10,5,81,2,56,58,28,30,26,84,90,,,3626
Nicaragua,,,,3,13,27,1,4,6,,2,8,6,8,0,0,2,,,,,5,5,12,,,7,19,13,,,41,67,47,182,87,98,226,63,34,102,1,,,,,,,,,,,,,,,,14,,14,,,,,13,15,86,,1230
Niger,,,,,,,,,,,1,1,,,1,1,,,,2,1,12,,,,,,,1,57,7,,6,13,3,,3,,,,,7,,,,,,3,,,,,,5,,,,,8,1,0,0,,13,4,9,,,159
Nigeria,,,,,,,,,,5,,1,8,9,2,114,99,45,46,39,14,12,113,7,24,439,104,68,136,87,503,293,626,50,359,576,216,115,62,15,18,3,59,41,95,2,15,1,,,36,9,6,62,11,,15,60,33,65,188,62,30,30,218,186,76,26,5533
NLA (Macedonia)*,,,,,,,,,,,,,,,,,,,,,,,,,,,,,,,,,,,,,,,,,,,,,,,,,,,,0,,,,,,,,,,,,,,,,,0
Northern Alliance (Afghanistan)*,,,,,,,,,,,,,,,,,,,,,,,,,,,,,,,,,,,,,,,,,,,,,,,,,,2,19,207,,,,,,,,,,,,,,,,,228
Northern Cyprus,,,,,,,,,,,,,,,,,,,,,,,,,,,,,,,,,,,,,,,,,,,,,,,,,1,,,,,,,,,,,,,,,,,,,,1
North Korea,862,365,197,660,228,369,444,393,882,641,487,88,200,215,186,135,855,854,1299,605,623,1560,562,640,922,636,502,312,369,232,416,263,549,511,283,1040,1097,849,854,595,295,198,137,93,35,143,78,9,9,179,18,28,9,8,8,5,15,5,5,4,1,,,,,,,,24060
North Yemen,0,,4,,,1,,60,25,8,,23,,1,,,,62,27,14,,,,,9,9,0,13,14,709,668,149,45,9,98,101,,,80,,,,,,,,,,,,,,,,,,,,,,,,,,,,,,2131
Norway,171,69,426,419,19,168,282,142,144,110,145,103,86,227,260,371,766,686,280,518,145,86,68,63,55,49,35,27,24,44,251,435,457,441,337,122,141,198,308,667,369,322,254,181,94,79,152,159,152,155,229,99,90,14,6,14,554,591,624,588,159,614,149,62,21,153,151,361,15738
NTC (Libya)*,,,,,,,,,,,,,,,,,,,,,,,,,,,,,,,,,,,,,,,,,,,,,,,,,,,,,,,,,,,,,,1,,,,,,,1
Oman,,,,,,,,,,1,1,,,1,1,1,2,7,5,36,26,60,11,71,67,181,150,250,82,43,12,72,182,356,120,86,49,40,19,119,59,,,55,145,278,291,163,22,,118,33,40,36,41,173,302,16,75,93,30,21,120,490,736,122,415,783,6705
OSCE**,,,,,,,,,,,,,,,,,,,,,,,,,,,,,,,,,,,,,,,,,,,,,,,,,,,,,,,,,,,,,,,,,1,1,,,1
PAIGC (Portugal)*,,,,,,,,,,,,,,,,,,,,,,,0,1,,,,,,,,,,,,,,,,,,,,,,,,,,,,,,,,,,,,,,,,,,,,,1
Pakistan,194,169,145,95,145,195,158,529,353,323,42,69,88,198,85,214,594,153,418,540,447,565,675,162,230,241,279,256,649,710,854,485,537,777,856,738,280,617,412,962,635,495,379,1000,886,366,505,693,704,878,186,423,563,650,477,443,360,692,1071,1186,2189,1093,979,1080,767,784,806,710,36438
Palau,,,,,,,,,,,,,,,,,,,,,,,,,,,,,,,,,,,,,,,,,2,,,,,,6,,,,,,,,,,,,,,,,,,,,,,8
Palestine,,,,,,,,,,,,,,,,,,,,,,,,,,,,,,,,,,,,,,,,,,,,,5,1,9,,,,,,,,,,,2,,14,6,,,,,,,,35
Panama,,,,,,,,,,,,,,,0,,,,0,3,15,18,2,16,,27,6,4,5,,3,4,13,8,0,7,,,23,2,,,2,,,,0,12,,,,,1,,,,,,,7,,,15,30,,,3,15,238
Papua New Guinea,,,,,,,,,,,,,,,,,,,,,,,,,,32,,3,2,,,2,5,,3,,11,12,6,6,4,10,10,,1,,0,7,,,,,,,,,,,,,,,,,3,,,4,119
Paraguay,5,,1,1,,0,,,,,10,,11,0,8,1,1,5,9,,0,1,12,0,,20,3,,10,1,18,5,3,1,3,34,4,,14,,6,3,1,,,,2,,,,,6,,,4,1,,,,,3,8,7,0,,,,,223
Pathet Lao (Laos)*,,,,,,,,,,,11,11,15,,,,,,,,,,,,,,,,,,,,,,,,,,,,,,,,,,,,,,,,,,,,,,,,,,,,,,,,38
Peru,2,24,76,,111,26,171,117,30,175,191,96,14,24,18,58,60,28,197,89,35,156,159,465,680,658,378,939,668,642,710,870,278,322,364,333,248,603,241,16,97,108,126,42,175,46,124,312,52,97,24,5,16,22,47,368,193,172,,43,46,63,10,22,152,210,220,64,13123
Philippines,,2,1,32,2,36,42,45,27,64,51,45,11,4,2,97,87,41,15,26,9,90,52,116,51,144,262,187,162,92,75,44,17,117,39,23,,26,12,19,33,34,43,61,71,27,40,70,64,,,10,5,10,34,12,23,16,10,1,3,63,16,78,12,153,230,271,3556
PIJ (Israel/Palestine)*,,,,,,,,,,,,,,,,,,,,,,,,,,,,,,,,,,,,,,,,,,,,,,,,,,,,,,,,,,,,,,,0,,,,,,0
PKK (Turkey)*,,,,,,,,,,,,,,,,,,,,,,,,,,,,,,,,,,,,,,,,,,,,,0,,,0,,,,,,,,,,,,,,,,,,0,,,1
PLO (Israel)*,,,,,,,,,,,,,,,,,,,,,,,,,,,0,0,,0,4,12,14,,,,0,,,,,,,,,,,,,,,,,,,,,,,,,,,,,,,,31
Poland,190,575,794,1021,1999,1098,687,1080,1048,994,853,849,688,1001,1565,1155,981,746,866,948,948,940,866,1062,1079,971,790,930,1116,1131,1093,811,724,528,462,918,1380,1020,896,498,270,162,52,8,32,203,107,1,3,25,148,36,259,351,227,112,463,990,596,169,158,87,230,152,253,164,106,197,42864
Portugal,18,18,116,284,286,162,91,157,99,48,31,151,29,41,45,63,236,298,388,359,371,177,17,17,117,326,64,94,128,5,36,50,190,4,109,155,5,9,90,136,73,1018,19,361,453,20,7,0,16,3,2,19,,29,70,158,220,60,144,369,892,168,40,13,3,1,19,8,9204
PRC (Israel/Palestine)*,,,,,,,,,,,,,,,,,,,,,,,,,,,,,,,,,,,,,,,,,,,,,,,,,,,,,,,,,,,,,,,,,0,,,,0
Provisional IRA (UK)*,,,,,,,,,,,,,,,,,,,,,,,,,,,,,,,,,,,,,0,1,,,,,,,,,,,,,,,,,,,,,,,,,,,,,,,1
Qatar,,,,,,,,,,,,,,,,,,,2,3,6,16,,,,38,26,55,16,14,55,46,128,466,324,2,2,57,91,10,5,17,65,11,10,11,201,242,300,72,14,11,11,11,,,,27,,286,30,198,319,73,55,518,896,670,5408
Regional Security System**,,,,,,,,,,,,,,,,,,,,,,,,,,,,,,,,,,,,,,,,,,,,,,,,,,14,,,,,,,,,,,,,,,,,,,14
Romania,8,79,438,904,629,370,457,193,117,108,138,41,195,227,418,518,401,442,603,411,573,487,513,551,695,658,295,349,298,645,528,478,448,285,241,332,450,215,193,276,606,63,184,14,29,2,39,61,170,142,21,19,16,17,285,437,61,98,76,56,107,80,21,20,0,22,186,99,18132
RPF (Rwanda)*,,,,,,,,,,,,,,,,,,,,,,,,,,,,,,,,,,,,,,0,,,,,,,,,,,,,,,,,,,,,,,,,,,,,,,0
RUF (Sierra Leone)*,,,,,,,,,,,,,,,,,,,,,,,,,,,,,,,,,,,,,,,,,,,,,,,,,,0,,,,,,,,,,,,,,,,,,,0
Russia,,,,,,,,,,,,,,,,,,,,,,,,,,,,,,,,,,,,,,,,,,,40,,,,,,,,,,,,,,4,100,,8,22,11,103,141,202,118,169,34,951
Rwanda,,,,,,,,,,,,,5,0,0,0,,,,,,,,4,1,3,,1,,,,,,3,6,3,2,,2,,1,2,5,,,,1,2,9,20,14,,,,,,2,20,8,11,,,5,15,14,27,,,184
Saint Kitts and Nevis,,,,,,,,,,,,,,,,,,,,,,,,,,,,,,,,,,,,6,,,,,,,,,,,,,,,,,,,,,,,,,,,,,,,,,6
Saint Vincent,,,,,,,,,,,,,,,,,,,,,,,,,,,,,,,,,,,,,,4,,,,,,,,,,,,,,,,,,,,,,,,,,,,,,,4
Samoa,,,,,,,,,,,,,,,,,,,,,,,,,,,,,,,,,,,,,,,6,,,,,,,,,,,,,,,,,,,,,,,,,,,,,,6
Saudi Arabia,0,,7,1,2,16,10,56,37,8,17,12,22,,5,48,235,210,456,383,54,10,101,182,375,474,607,946,1014,762,1094,1814,2219,1823,835,1330,2850,2009,788,1382,2073,1041,1125,2377,981,983,1731,2792,2900,1580,85,61,567,167,1170,167,205,230,391,824,1083,1222,1033,1615,2741,3352,2986,4111,61783
Senegal,,,,,,,,,,,0,8,,0,4,0,1,,1,19,,12,,1,17,,14,41,20,29,,,7,38,4,,14,18,,,,,,,1,6,,,,,,,,,,15,9,18,6,4,4,20,,6,7,15,51,22,431
Serbia,,,,,,,,,,,,,,,,,,,,,,,,,,,,,,,,,,,,,,,,,,,4,2,2,8,1,13,6,1,1,27,,,,,,,,,16,,0,,,,14,65,158
Seychelles,,,,,,,,,,,,,,,,,,,,,,,,,,,,1,,19,6,1,2,15,,,10,,1,,0,,,,,,,,,,,,,,,15,,,,,,8,,7,16,,,,100
Sierra Leone,,,,,,,,,,,,,,,,,,,,,,,,28,,,1,,2,,42,,,1,3,,,18,,,,,1,,6,14,,16,,12,,,,,,,9,,,,,2,0,1,,,2,,158
Singapore,,,,,,,6,,,,,,,,,1,8,,6,139,92,165,177,99,295,255,254,171,50,338,410,167,176,245,83,123,75,277,546,238,527,375,112,170,183,306,171,624,816,318,798,255,236,87,380,542,73,358,1116,1470,988,925,839,791,66,147,718,428,18212
SLA (Lebanon)*,,,,,,,,,,,,,,,,,,,,,,,,,,,,,,,,,,,5,7,10,17,1,,,,,,,,5,,,,,,,,,,,,,,,,,,,,,,44
Slovakia,,,,,,,,,,,,,,,,,,,,,,,,,,,,,,,,,,,,,,,,,,,,146,29,208,29,,,,0,,27,,,4,,0,0,9,9,,2,6,,,,47,515
Slovenia,,,,,,,,,,,,,,,,,,,,,,,,,,,,,,,,,,,,,,,,,,2,10,22,11,22,20,8,4,18,2,41,2,17,17,3,3,2,,6,39,28,,,1,,,,278
SNA (Somalia)*,,,,,,,,,,,,,,,,,,,,,,,,,,,,,,,,,,,,,,,,,,,,,,,,,2,,,,,,,,,,,,,,,,,,,,2
Solomon Islands,,,,,,,,,,,,,,,,,,,,,,,,,,,,,,,,,,,,,,,6,,,6,,,,,,,,,,,,,,,,,,,,,,,,,,,12
Somalia,,,,,,,,,,,10,2,0,11,,30,52,72,4,1,,0,21,198,323,90,180,44,57,48,120,97,61,23,12,42,15,,,,16,,,,,,,,,1,,,,,,,,,,,,,,3,,1,2,2,1540
South Africa,37,73,183,53,49,106,265,173,169,68,13,,215,476,266,353,468,260,179,173,474,272,227,316,171,223,415,507,390,130,200,122,49,226,127,29,211,16,7,13,13,27,363,244,239,38,38,11,,21,6,18,,,,267,785,954,493,134,180,212,132,2,50,2,4,,11934
Southern rebels (Yemen)*,,,,,,,,,,,,,,,,,,,,,,,,,,,,,,,,,,,,,,,,,,,,,80,,,,,,,,,,,,,,,,,,,,,,,,80
South Korea,144,256,266,263,158,346,412,236,212,284,248,254,131,203,266,623,569,125,345,494,76,240,375,253,446,646,552,1193,375,1348,918,888,677,493,520,753,858,764,1214,1838,1211,910,790,1010,1018,1957,1976,1226,1431,1644,1396,773,528,752,1059,805,1651,1755,1683,796,1282,1574,1078,184,721,272,1144,918,51804
South Sudan,,,,,,,,,,,,,,,,,,,,,,,,,,,,,,,,,,,,,,,,,,,,,,,,,,,,,,,,,,37,44,1,,61,2,9,35,18,8,,214
South Vietnam,,,,0,45,59,102,12,16,20,41,111,165,131,80,143,182,253,270,553,640,955,2523,623,346,,,,,,,,,,,,,,,,,,,,,,,,,,,,,,,,,,,,,,,,,,,,7267
South Yemen,,,,,,,,,,,,,,,,,,35,7,58,17,49,112,83,68,12,,8,55,1110,1111,389,41,99,71,52,74,89,12,45,,,,,,,,,,,,,,,,,,,,,,,,,,,,,3596
Soviet Union,36,,,8,48,948,1540,1500,1500,900,677,175,174,237,463,485,607,576,543,578,493,525,795,583,957,771,800,876,803,842,767,804,676,725,914,1004,1391,1546,1623,1214,696,132,,,,,,,,,,,,,,,,,,,,,,,,,,,29930
Spain,1,,,78,89,218,272,288,136,295,231,112,55,14,60,401,277,279,128,187,237,601,751,906,580,1185,831,280,492,658,692,631,517,609,88,338,1111,1110,1958,859,709,112,212,303,858,359,429,216,87,373,321,156,277,253,315,363,315,339,349,233,288,187,244,175,128,143,86,72,25457
SPLA (Sudan)*,,,,,,,,,,,,,,,,,,,,,,,,,,,,,,,,,,,,,,1,1,,,,,,,,,,,,,,,,,,,,,,,,,,,,,,2
Sri Lanka,0,,0,17,,8,1,2,19,31,4,,,,0,,,,,2,,33,47,,,,0,17,7,,18,,,,52,42,28,111,19,6,19,167,22,35,74,64,210,50,85,85,297,161,45,35,49,58,97,89,71,,5,21,,20,5,,,45,2275
Sudan,,,,,,,,2,5,4,9,15,19,8,36,5,5,2,16,193,611,87,69,23,3,,,26,208,4,3,204,90,25,106,65,9,122,77,16,3,81,6,,,3,27,63,,36,,106,49,204,293,132,65,33,128,89,182,173,95,130,61,116,101,54,4296
Suriname,,,,,,,,,,,,,,,,,,,,,,,,,,0,5,10,,,,0,2,,7,,5,2,,,,,,,,,,,,23,2,,,,,,,,,,,,0,7,,3,,,66
Swaziland,,,,,,,,,,,,,,,,,,,,,,,,,,,,,,7,,,,,,,,,,,,,,,,,,,,,1,1,,,,,,,,,,,,,,,,,9
Sweden,225,299,317,390,454,559,574,219,245,198,129,57,133,307,397,289,280,326,226,138,108,86,161,231,256,292,214,100,197,247,246,452,171,179,106,85,154,159,125,103,90,49,60,39,297,95,95,195,294,224,204,165,75,64,47,78,127,50,51,57,51,191,206,52,43,28,77,38,12469
Switzerland,154,151,315,169,142,230,313,223,232,289,219,37,4,50,261,226,362,165,188,157,135,149,186,116,64,138,143,5,214,222,269,290,172,437,399,337,108,151,179,319,440,476,388,104,119,93,187,379,436,507,23,68,63,117,203,168,83,108,18,39,48,32,11,6,1,2,64,34,12136
Syria,74,1,20,18,61,75,106,385,126,39,37,11,16,71,47,74,504,885,801,850,877,731,1497,3180,3406,1375,462,900,824,2059,1874,1348,1973,2233,1809,1575,1262,1409,1312,663,739,321,243,173,19,35,35,35,55,58,64,28,45,69,25,35,100,20,276,193,288,358,361,351,21,22,5,22,38966
Syria rebels*,,,,,,,,,,,,,,,,,,,,,,,,,,,,,,,,,,,,,,,,,,,,,,,,,,,,,,,,,,,,,,,1,1,0,,,1,3
Taiwan,,98,304,383,300,623,256,425,721,979,428,108,137,320,347,464,321,473,295,581,580,347,245,329,366,342,480,802,789,546,516,789,804,728,433,646,1011,642,648,281,396,661,473,1148,848,1313,1465,4790,3940,1722,585,345,298,117,319,692,504,12,11,60,97,198,424,549,1078,630,97,493,42149
Tajikistan,,,,,,,,,,,,,,,,,,,,,,,,,,,,,,,,,,,,,,,,,,,,,27,,,,,,,,,,,,13,7,,32,,,,3,,,8,,90
Tanzania,,,,,,,,,,,,,,,4,4,21,1,,,11,60,47,118,189,48,,44,63,260,53,121,9,,,,1,,,5,,,18,,5,,4,,,,3,,,51,,10,12,1,,25,,78,115,88,26,20,20,,1533
Thailand,58,87,59,44,60,34,10,90,15,10,28,57,111,110,97,89,112,151,67,134,213,239,201,340,97,77,148,104,319,176,306,315,83,325,387,188,165,575,643,270,229,572,497,185,613,528,736,941,76,167,85,117,152,131,114,70,47,8,13,64,49,267,285,378,105,172,344,310,13847
Timor-Leste,,,,,,,,,,,,,,,,,,,,,,,,,,,,,,,,,,,,,,,,,,,,,,,,,,,,,,,,,,,,,18,,,,,,,,18
Togo,,,,,,,,,,,1,,,,0,0,,,1,1,2,1,,2,,14,50,1,9,9,28,19,4,2,,,17,0,1,,,9,8,,3,3,,9,,,,,,,,,,,,,1,,4,,16,,,,212
Tonga,,,,,,,,,,,,,,,,,,,,,,,,,,,,,,,,,,,,,0,,,6,6,6,,,,,0,,,,,,,,,,,,,,,,,,,5,,,24
Trinidad and Tobago,,,,,,,,,,,,,,,,11,0,,,,,,11,2,,,,,,,22,6,,,,,,0,,,,,,,,,,,,,11,0,2,,,,,6,,,24,12,12,,,46,30,,194
Tunisia,,,,,,,,11,,13,44,6,,7,4,40,,5,17,23,44,0,4,26,14,15,10,93,14,122,103,56,59,103,116,321,,56,17,48,4,20,32,,35,56,68,39,18,11,,,83,1,,168,2,,3,,7,7,,38,44,7,28,107,2167
Turkey,104,124,321,514,473,335,198,544,630,934,592,312,300,616,835,412,330,589,420,639,391,937,1096,789,773,1080,431,330,966,913,488,732,483,466,560,690,477,1420,1604,983,1238,1204,1838,2298,1859,1589,1512,1531,2645,1740,1185,510,905,330,257,1095,531,692,640,732,484,777,1501,797,1525,460,348,410,55462
Turkmenistan,,,,,,,,,,,,,,,,,,,,,,,,,,,,,,,,,,,,,,,,,,,,,,,,,,,,,,18,21,,,,7,36,27,236,113,71,74,172,428,75,1277
Tuvalu,,,,,,,,,,,,,,,,,,,,,,,,,,,,,,,,,,,,,,,,,,,,,6,,,,,,,,,,,,,,,,,,,,,,,,6
UAE,,,,,,,,,,,,,,,,,,,13,13,69,24,26,93,106,144,270,294,207,18,203,430,159,164,312,128,137,199,42,652,559,235,201,579,566,419,480,688,758,437,247,186,222,685,1211,2171,2023,919,753,561,607,1210,1088,2241,746,1249,1286,848,26873
Uganda,,,,,,,,,,,,,,,3,2,15,4,24,12,7,3,17,17,46,125,35,5,,,,,14,,,10,,31,1,20,,,,,,32,,,55,39,6,,34,,36,10,5,,19,23,37,471,219,20,,5,0,18,1419
UIC (Somalia)*,,,,,,,,,,,,,,,,,,,,,,,,,,,,,,,,,,,,,,,,,,,,,,,,,,,,,,,,,0,,,,,,,,,,,,0
Ukraine,,,,,,,,,,,,,,,,,,,,,,,,,,,,,,,,,,,,,,,,,,,,,,,,,,,,,,,,,,,,,,,,,1,18,,,19
Ukraine Rebels*,,,,,,,,,,,,,,,,,,,,,,,,,,,,,,,,,,,,,,,,,,,,,,,,,,,,,,,,,,,,,,,,,24,,,,24
UNITA (Angola)*,,,,,,,,,,,,,,,,,,,,,,,,,,,,,,,,,,,,,13,14,,1,,,,,,,,,,,,,,,,,,,,,,,,,,,,,27
United Kingdom,105,246,532,1591,512,315,126,90,545,548,29,34,38,139,118,152,216,1422,2288,2570,60,171,227,233,292,309,232,230,182,245,561,811,786,301,635,331,258,186,261,205,117,936,1132,784,414,492,568,496,741,125,871,1277,720,775,217,27,308,776,490,376,491,360,578,494,211,397,259,899,33459
United Nations**,,,,,,,,,,,14,0,,,,,,,,,,,,,,,,,,,,,,,,,,,,,,4,,12,55,11,,,1,6,31,,,,2,1,2,1,0,,,,,5,25,3,9,,180
United States,352,702,882,1322,2467,1892,2069,1369,699,643,219,238,264,323,326,190,109,84,70,70,46,539,681,666,594,345,449,337,321,203,326,451,198,413,361,655,421,1993,1788,1785,357,520,551,988,982,788,580,588,264,222,334,493,499,593,563,523,644,820,951,968,1101,995,1196,787,572,528,496,547,45309
United Wa State (Myanmar)*,,,,,,,,,,,,,,,,,,,,,,,,,,,,,,,,,,,,,,,,,,,,,,,,,,,,1,,,,,,,,,,,,,,,,,1
Unknown rebel group*,,,,,,,,,,,,,,,,,,,,,,,,,,,,,,,,,,,,,,,,,,,,,,,,,,,,0,0,,,,,,,,,,,,,,,,0
Unknown recipient(s),,,,,,,,,,10,10,18,38,67,76,76,58,58,58,58,18,10,10,5,5,,,,,,30,85,85,86,86,86,86,86,86,41,,11,11,18,4,8,3,,4,,,2,,0,0,,,,12,,8,6,,29,30,10,57,17,1558
Uruguay,68,3,39,3,1,2,27,21,9,,17,0,100,0,2,8,6,,10,12,10,16,24,6,5,3,53,2,8,9,21,100,15,17,,8,,,16,41,41,70,19,18,10,9,4,19,27,7,4,,13,,,20,8,3,78,29,20,,,3,9,8,,0,1102
Uzbekistan,,,,,,,,,,,,,,,,,,,,,,,,,,,,,,,,,,,,,,,,,,,,,,,,,,,,8,9,,,,,,,,,,,,2,93,63,,176
Vanuatu,,,,,,,,,,,,,,,,,,,,,,,,,,,,,,,,,,,,,,6,,,,,,,,,,,,,,,,,,,,,,,,,,,,,,,6
Venezuela,61,,20,190,176,30,399,285,120,7,86,,32,37,2,,37,236,20,7,11,129,173,400,254,225,176,221,59,15,375,921,704,242,241,517,116,46,101,118,170,316,65,39,1,5,35,37,8,85,108,103,50,15,9,21,380,774,737,358,208,594,680,1039,185,216,93,,13117
Viet Cong (South Vietnam)*,,,,,,,,,,,,,,,,,,,,,,10,10,10,10,,,,,,,,,,,,,,,,,,,,,,,,,,,,,,,,,,,,,,,,,,,,40
Viet Minh (France)*,,,,,3,,,,,,,,,,,,,,,,,,,,,,,,,,,,,,,,,,,,,,,,,,,,,,,,,,,,,,,,,,,,,,,,3
Viet Nam,,,,,10,33,23,73,44,20,65,101,47,107,269,564,1016,1039,1177,950,1310,1364,1496,1175,731,485,42,42,227,1257,1025,1085,529,913,554,28,78,50,65,128,116,,,,,281,212,110,220,163,7,99,58,22,298,214,41,8,187,61,152,1021,788,362,1218,862,858,690,26165
Western Sahara,,,,,,,,,,,,,,,,,,,,,,,,,,,,,,0,,25,,7,,,39,,2,,4,,,,,,,,,,,,,,,,,,,,,,,,,,0,,77
Yemen,,,,,,,,,,,,,,,,,,,,,,,,,,,,,,,,,,,,,,,,,78,113,,,4,171,,,1,51,158,85,593,62,252,315,38,66,40,5,258,45,38,23,6,30,4,,2436
Yugoslavia,,182,490,525,534,334,320,366,112,180,259,175,397,624,463,549,544,693,681,586,554,486,328,163,156,565,526,594,406,763,495,440,631,576,282,354,343,328,712,331,310,139,2,,,,,,,,,,,,,,,,,,,,,,,,,,17500
Zambia,,,,,,,,,,,,,,,7,16,17,,,7,4,166,29,19,9,48,109,34,42,4,136,216,48,13,18,,,,,,,,,,,,8,,,,33,,2,,,0,30,5,2,,,1,66,,,14,43,40,1182
ZAPU (Zimbabwe)*,,,,,,,,,,,,,,,,,,,,,,,,,,,,1,0,0,,,,,,,,,,,,,,,,,,,,,,,,,,,,,,,,,,,,,,,1
Zimbabwe,1,11,2,8,36,27,8,,61,,15,,16,20,,,,16,,,,2,11,0,2,31,16,4,13,,,15,80,34,26,28,212,29,2,,2,42,60,0,,,,,1,25,3,10,,16,13,25,25,,,,,,,,,,,,946
,,,,,,,,,,,,,,,,,,,,,,,,,,,,,,,,,,,,,,,,,,,,,,,,,,,,,,,,,,,,,,,,,,,,,,
Total,8633,12419,16504,22504,20933,19839,24027,23381,25898,21497,17487,16498,17471,19937,26357,24949,24769,25478,26103,28457,25639,32780,34391,35884,36287,37533,35284,39780,42869,38119,41860,45229,45727,43985,41611,38372,39176,39589,36828,35291,30060,28239,24129,25775,22853,22942,23911,28873,27791,25236,19387,18882,17913,19070,21386,21593,24815,26680,24145,24234,25691,30006,28289,26954,26780,28522,32262,31106,1896897
